,count,mean,std,min,25%,50%,75%,max
current_density_mA_cm2,14217.0,2282.2006752479424,1628.2309213951492,0.0,796.5,2201.6,3789.1,5083.1
cell_voltage_V,14217.0,0.6297403712274793,0.18168186560267646,0.200290994782887,0.507605572062977,0.649146840688244,0.760160998398375,1.0223417380071
cathode_pressure_diff_kPa,14217.0,3.45255253749033,2.6747257695431763,-0.0025949999999994,0.839535999999995,3.28152849999999,5.21899550000001,10.023471
anode_pressure_diff_kPa,14217.0,3.041237598170493,2.1357142980011785,0.118435000000005,1.2973825,2.561206,4.72722269612903,7.39124623171613
anode_temp_beginning_C,14217.0,80.28134089973769,0.24723420879861865,79.52561742752,80.08151177636,80.30945855868,80.45089537248,80.91991377248
anode_temp_middle_C,14217.0,80.3331741932017,0.27387267765743245,79.803804,80.13055478432,80.30217147744,80.50231768576,81.44954559968
anode_temp_end_C,14217.0,79.8346654979769,0.3404326476028453,78.59894801856,79.71904193136,79.88249035648,80.05968890272,80.49153803744
cathode_temp_beginning_C,14217.0,79.69534536271705,0.3574809829149575,78.52356755328,79.5392976502,79.75345362976,79.90796600932,80.39004395492
cathode_temp_middle_C,14217.0,80.40146211782914,0.32100280264135495,79.704477,80.171041609,80.3624548958,80.5934249042,81.485978371
cathode_temp_end_C,14217.0,80.38457867730703,0.2820270665625877,79.8258670624,80.1672275022,80.3864909886,80.5539120116,81.3322291564
anode_avg_temp_C,14217.0,80.14972686363878,0.22404990049215312,79.38808389856,80.00247196616,80.16605408150666,80.31054435473334,80.77016517730665
cathode_avg_temp_C,14217.0,80.16046205261775,0.23003447259084372,79.50317232416,79.98334238781332,80.14903925247333,80.31442165335334,80.98826832335334
cell_avg_temp_C,14217.0,80.15509445812826,0.22260078948922432,79.46411812427333,79.99697493739333,80.15656609274333,80.31932374552667,80.86224382240667
reversible_voltage_V,14217.0,1.1821181697105911,0.0001892106710658405,1.1815170927509544,1.1819785748163025,1.1821169188211682,1.1822525713032157,1.1827054995943678
voltage_efficiency_pct,14217.0,53.27229792791174,15.368573077360622,16.937534996512756,42.935204626282385,54.91483448885512,64.29625285893265,86.49180425055735
